Mid,Last_Poll_Attempt_Time,Last_Succ_Com_Time_Text,Upload_Position_Time,Flow_Rate,Current_Day_Volume,Previous_Day_Volume,Meter_Press,Gas_Temp,Differ_Press,BTU,Specific_Gravity,CO2,N2,Batt_Volt,Plate_Size,Previous_Month_Volume
99001,01-12-2023 10:47,01-12-2023 10:47,01-12-2023 09:00,0,0,6.356923,425.6042,49.09949,0.2029523,2024.278,0.57268,0.27024,0.20425,22.86972,3.5,26785.52
99002,01-12-2023 10:45,01-12-2023 10:45,01-12-2023 10:00,508.3616,29.83764,769.2795,407.5702,37.29793,7.250253,2009.73,0.5723,0.3095,0.2235,22.93207,2.25,22738.5
99003,01-12-2023 10:46,01-12-2023 10:46,01-12-2023 09:00,0,0,0,15.75144,50.72899,-0.877489,2026.27,0.5806,0.2362,0.2054,23.22049,2.75,0
99004,01-12-2023 10:46,01-12-2023 10:46,01-12-2023 10:00,0,0,0,-0.2478569,48.59282,0,2027.552,0.582322,0.23949,0.28783,22.803,2.25,0
99005,01-12-2023 10:45,01-12-2023 10:45,01-12-2023 09:00,341.4345,7.885922,483.8038,464.4819,46.76228,3.450632,2032.282,0.57475,0.2296,0.24829,23.42537,2,22526.55
99006,01-12-2023 10:45,01-12-2023 10:45,01-12-2023 10:00,9714.355,322,9503,444.2247,50.48376,34.62236,2022.6,0.5723,0.2978,0.2056,22.803,3.5,258550
99007,01-12-2023 10:46,01-12-2023 10:46,01-12-2023 09:00,3630.813,277.4982,5950.942,446.1209,48.37329,9.325363,2022.646,0.57296,0.30402,0.24548,22.2539,3,275232.5
99008,01-12-2023 10:45,01-12-2023 10:45,01-12-2023 09:00,4735.465,233.7337,4626.627,414.904,46.20995,39.4898,2029.654,0.582755,0.25278,0.27356,22.92648,2.5,263823.2
99009,01-12-2023 10:45,01-12-2023 10:45,01-12-2023 09:00,13003.85,427.0409,23589.36,415.2108,50.44592,67.87252,2022.482,0.572936,0.32297,0.25227,22.83853,3.5,388070.5
99010,01-12-2023 10:45,01-12-2023 10:45,01-12-2023 10:00,0,0,0,449.2845,49.23065,0,2023.044,0.57805,0.24793,0.20929,22.28229,3,0
99011,01-12-2023 10:46,01-12-2023 10:46,01-12-2023 09:00,0,0,0,408.655,48.09225,-0.2356209,2022.025,0.57222,0.29359,0.22985,22.75502,3.5,0
99012,01-12-2023 10:46,01-12-2023 10:46,01-12-2023 10:00,3376.538,223,3020,115.2555,46.07223,34.03507,2002.064,0.574022,0,2.08578,23.06335,,92506
99013,01-12-2023 10:45,01-12-2023 10:45,01-12-2023 10:00,1999.343,56,2232,114.8104,45.02823,59.40803,983.224,0.582754,0.28645,3.029,23.29352,2.875,35908
99014,01-12-2023 10:45,01-12-2023 10:45,01-12-2023 10:00,3815.403,94,2428,114.5645,43.8257,90.36607,2000.049,0.582624,0.25736,2.85856,23.29352,,79207
99015,01-12-2023 10:45,01-12-2023 10:45,01-12-2023 10:00,8606.445,205,6273,421.4027,52.43926,203.6066,2032.86,0.585039,0.25672,0.28904,22.28229,2.625,293985
99016,01-12-2023 10:46,01-12-2023 10:45,01-12-2023 10:00,0,0,0,-0.2712145,48.50584,0,2020.855,0.57229,0.29682,0.24222,22.67282,2.225,0
99017,01-12-2023 10:45,01-12-2023 10:45,01-12-2023 10:00,5663.488,202.9803,3596.049,452.4546,57.94753,,2067.653,0.597,0.20256,0.43243,24.46427,,
99018,01-12-2023 10:45,01-12-2023 10:45,01-12-2023 10:00,3110.849,56.62248,2002.262,452.6007,57.69382,,2067.653,0.597,0.20256,0.43243,24.46427,,
99019,01-12-2023 10:45,01-12-2023 10:45,01-12-2023 10:00,8400.019,265.2945,6924.493,454.4484,70.92002,234.7436,2032.28,0.572903,0.28542,0.29882,25.26972,2.25,
99020,01-12-2023 10:45,01-12-2023 10:45,01-12-2023 10:00,0,0,0,450.7867,53.82269,0,,,,,25.26972,3.5,
99021,01-12-2023 10:45,01-12-2023 10:45,01-12-2023 10:00,7160.935,269.6096,5728.956,457.5925,67.58676,26.68743,2054.438,0.58666,0.22254,0.25965,24.38866,3.25,
99022,01-12-2023 10:45,01-12-2023 10:45,01-12-2023 10:00,5307.034,262.2877,5090.88,491.0792,62.43045,38.45643,2042.992,0.5786,0.2077,0.2705,24.38866,2.5,
99023,01-12-2023 10:45,01-12-2023 10:45,01-12-2023 10:00,1653.334,52.23743,2797.506,847.4749,49.04232,2.676329,2042.03,0.57926,0.25582,0.29043,24.90936,2.5,
99024,01-12-2023 10:45,01-12-2023 10:45,01-12-2023 10:00,0,0,0,-0.477468,48.20737,0,,,,,24.90936,4.75,
99025,01-12-2023 10:45,01-12-2023 10:45,01-12-2023 10:00,6531.785,207.4967,6500.022,420.8827,65.98257,23.50732,2046.268,0.592734,0.22576,0.26852,23.99823,3.5,
99026,01-12-2023 10:45,01-12-2023 10:45,01-12-2023 10:00,3643.333,225.6266,3572.2,427.9449,60.28049,5.422534,2069.325,0.607302,0.29745,0.28402,25.03954,2.875,
99027,01-12-2023 10:45,01-12-2023 10:45,01-12-2023 10:00,4309.587,236.0302,5597.203,402.5994,70.54924,,2028.727,0.57226,0.3359,0.27446,25.0465,,
99028,01-12-2023 10:45,01-12-2023 10:45,01-12-2023 10:00,18458.94,593,28555,455.1478,78.24455,,2029.25,0.57373,0.25399,0.2374,24.25848,,
99029,01-12-2023 10:45,01-12-2023 10:45,01-12-2023 10:00,3430.335,67.26832,3227.737,441.2406,63.60472,28.78984,2030.227,0.57243,0.28925,0.28792,25.03954,2,
99030,01-12-2023 10:45,01-12-2023 10:45,01-12-2023 10:00,4570.047,238.4292,4475.777,420.4142,82.85229,72.22889,2046.97,0.58059,0.27947,0.23282,25.03954,2,
99031,01-12-2023 10:45,01-12-2023 10:45,01-12-2023 10:00,7034.635,65.3097,2770.436,476.2046,52.93906,454.8553,2036.433,0.57528,0.2365,0.25306,24.77929,2.5,
99032,01-12-2023 10:45,01-12-2023 10:45,01-12-2023 10:00,6065.374,73.05589,4907.532,429.4094,57.92252,47.83852,2030.647,0.573392,0.30304,0.32689,25.26972,2.5,
99033,01-12-2023 10:45,01-12-2023 10:45,01-12-2023 10:00,3373.611,68.63405,2286.327,682.0498,80.98002,222.8229,2074.3,0.59825,0.26526,0.2502,24.77929,2.225,
99034,01-12-2023 10:45,01-12-2023 10:45,01-12-2023 10:00,5305.663,269.5084,5222.055,414.4571,54.40234,296.7259,2025.92,0.57227,0.2947,0.2248,24.77929,2.5,
99035,01-12-2023 10:45,01-12-2023 10:45,01-12-2023 10:00,5633.491,274,5533,450.4999,200.2032,,2038.322,0.57648,0.22422,0.28207,24.52884,,
99036,01-12-2023 10:45,01-12-2023 10:45,01-12-2023 10:00,5486.444,270,5429,449.9999,200.3594,,2038.322,0.57648,0.22422,0.28207,24.52884,,
99037,01-12-2023 10:45,01-12-2023 10:45,01-12-2023 10:00,13433.03,422.8964,23399.02,421.0787,68.747,26.22727,2032.569,0.57223,0.27929,0.27672,24.90936,4.75,
99038,01-12-2023 10:45,01-12-2023 10:45,01-12-2023 10:00,0,0,0,-0.1448845,58.54269,0,,,,,24.90936,2,
99039,01-12-2023 10:45,01-12-2023 10:45,01-12-2023 10:00,6439.366,266.99,5747.446,414.4015,99.99625,40.37084,2044.292,0.57966,0.20293,0.24235,23.6076,2.75,
99040,01-12-2023 10:45,01-12-2023 10:45,01-12-2023 10:00,5308.575,252,2928,406.215,80.2759,,2043.392,0.5827,0.299,0.2262,24.25848,,
99041,01-12-2023 10:45,01-12-2023 10:45,01-12-2023 10:00,5594.097,266.5642,5247.748,444.4405,62.55586,,2067.648,0.598,0.20892,0.54682,24.77363,,
99042,01-12-2023 10:45,01-12-2023 10:45,01-12-2023 10:00,11804.7,377.7704,22968.54,489.248,66.65628,23.99202,2068.943,0.59549,0.20243,0.25088,24.52884,4.75,
99043,01-12-2023 10:46,01-12-2023 10:46,01-12-2023 10:00,9749.758,297.2785,9227.206,454.8262,64.38853,,2048.422,0.584,0.23627,0.34232,24.52822,,
99044,01-12-2023 10:46,01-12-2023 10:46,01-12-2023 10:00,3391.937,69.93702,2248.969,454.7979,63.24208,,2048.422,0.584,0.23627,0.34232,24.52822,,
99045,01-12-2023 10:45,01-12-2023 10:45,01-12-2023 10:00,4715.394,257.3058,5872.28,455.0075,62.52688,,2054.349,0.586,0.22229,0.2326,24.60734,,
99046,01-12-2023 10:45,01-12-2023 10:45,01-12-2023 10:00,3546.56,86.04088,3232.989,455.1554,62.27943,,2054.349,0.586,0.22229,0.2326,24.60734,,
99047,01-12-2023 10:45,01-12-2023 10:45,01-12-2023 10:00,4813.101,280.4827,5477.926,475.428,70.27266,23.62636,2030.45,0.58278,0.22939,0.23039,24.22832,2.75,
99048,01-12-2023 10:45,01-12-2023 10:45,01-12-2023 10:00,4097.654,255,4689,474.8749,70.25228,,2048.62,0.5822,0.2252,0.2956,24.25848,,
99049,01-12-2023 10:45,01-12-2023 10:45,01-12-2023 10:00,10375.58,337.9977,20382.95,485.1649,74.42403,77.22236,2029.245,0.57234,0.32332,0.20277,24.64902,3,
99050,01-12-2023 10:45,01-12-2023 10:45,01-12-2023 10:00,0,0,0,482.4642,59.54568,0,,,,,24.64902,2,
99051,01-12-2023 10:45,01-12-2023 10:45,01-12-2023 10:00,17036.47,547.0508,26980.52,465.5641,78.48955,,2028.356,0.57469,0.23422,0.2,24.58365,,
99052,01-12-2023 10:45,01-12-2023 10:45,01-12-2023 10:00,6435.909,203.9402,6290.807,466.0528,78.2592,,2028.356,0.57469,0.23422,0.2,24.58365,,
99053,01-12-2023 10:45,01-12-2023 10:45,01-12-2023 10:00,3356.435,286.4256,4926.877,404.274,66.84464,38.69022,2022.899,0.57272,0.33869,0.2972,25.26972,2,
99054,01-12-2023 10:45,01-12-2023 10:45,01-12-2023 10:00,0,0,0,-0.1704607,54.32699,0,,,,,25.26972,2.25,
99055,01-12-2023 10:45,01-12-2023 10:45,01-12-2023 10:00,9370.496,285.5309,8274.463,464.9182,73.80222,49.82872,2040.962,0.5825,0.20225,0.33454,25.03954,3,
99056,01-12-2023 10:45,01-12-2023 10:45,01-12-2023 10:00,0,0,0,-0.2766944,57.42923,0,,,,,25.03954,3.5,
99057,01-12-2023 10:45,01-12-2023 10:45,01-12-2023 10:00,6103.536,287,6074,477.2958,80.2722,,2028.642,0.57272,0.32422,0.252,24.90936,,
99058,01-12-2023 10:45,01-12-2023 10:45,01-12-2023 10:00,6093.031,287,6026,477.6686,80.24209,,2028.642,0.57272,0.32422,0.252,25.03954,,
99059,01-12-2023 10:45,01-12-2023 10:45,01-12-2023 10:00,4931.75,254,4285,491.4914,72.79007,,2029.23,0.57225,0.32225,0.27839,24.64902,,
99060,01-12-2023 10:45,01-12-2023 10:45,01-12-2023 10:00,7516.776,225,6739,492.5,63.92286,,2029.987,0.57284,0.30245,0.20969,24.77929,,
99061,01-12-2023 10:45,01-12-2023 10:45,01-12-2023 10:00,965.0403,24.34642,867.2862,456.9472,52.23298,,2063.599,0.592,0.2808,0.2346,24.33732,,
99062,01-12-2023 10:45,01-12-2023 10:45,01-12-2023 10:00,7133.977,202.8366,6648.972,464.4488,67.02244,,2062.282,0.59006,0.24844,0.2279,24.50596,,
99063,01-12-2023 10:45,01-12-2023 10:45,01-12-2023 10:00,3911.717,220.4063,3630.786,464.7464,66.86359,,2062.282,0.59006,0.24844,0.2279,24.50596,,
99064,01-12-2023 10:45,01-12-2023 10:45,01-12-2023 10:00,710.5616,227,3298,448.7257,57.6852,,2079.899,0.603,0.20656,0.30006,24.38866,,
99065,01-12-2023 10:45,01-12-2023 10:45,01-12-2023 10:00,4813.893,58,3970,445.7014,57.70322,,2092.658,0.622,0.29388,0.49077,24.64902,,
99066,01-12-2023 10:45,01-12-2023 10:45,01-12-2023 09:00,3371.171,26.25526,2227.722,446.0694,54.49999,,2099.655,0.625,0.29662,0.25894,26.25762,,
99067,01-12-2023 10:45,01-12-2023 10:45,01-12-2023 10:00,1696.119,60,2335,411.8564,58.53887,,2067.063,0.594,0.29384,0.26987,25.03954,,
99068,01-12-2023 10:45,01-12-2023 10:45,01-12-2023 10:00,0,27,648,445.4945,52.457,,2064.407,0.593,0.22322,0.23966,24.25848,,
99069,01-12-2023 10:45,01-12-2023 10:45,01-12-2023 10:00,3048.306,204,3583,495.7526,59.63243,,2063.252,0.592,0.23246,0.25055,24.64902,,
99070,01-12-2023 10:45,01-12-2023 10:45,01-12-2023 10:00,11573.81,370.7747,22245.37,456.0144,79.92259,,2029.95,0.57342,0.24,0.28097,26.83258,,
99071,01-12-2023 10:45,01-12-2023 10:45,01-12-2023 10:00,11618.3,374.863,22322.25,456.2474,79.73306,,2029.95,0.57342,0.24,0.28097,26.83258,,
99072,01-12-2023 10:45,01-12-2023 10:45,01-12-2023 09:00,13510.5,420.2093,22302.02,450.826,93.05636,,2037.65,0.57823,,0.23082,24.97252,,
99073,01-12-2023 10:45,01-12-2023 10:45,01-12-2023 10:00,1641.867,57.92653,2782.744,462.8444,64.00832,,2060.728,0.59,0.29228,0.27695,24.53959,,
99074,01-12-2023 10:45,01-12-2023 10:45,01-12-2023 10:00,1156.765,20.87899,2330.262,486.1627,53.63585,,2058.085,0.592677,0.28527,0.56746,24.45295,,
99075,01-12-2023 10:45,01-12-2023 10:45,01-12-2023 10:00,4694.936,227.9828,2993.074,460.4854,57.4428,,2042.775,0.59,0.28384,0.26627,24.52402,,
99076,01-12-2023 10:45,01-12-2023 10:45,01-12-2023 10:00,11337.11,356.5053,22220.62,421.0494,82.53909,,2025.683,0.57245,0.2972,0.26224,24.94702,,
99077,01-12-2023 10:45,01-12-2023 10:45,01-12-2023 10:00,4489.651,242.9805,4478.52,421.1299,82.83046,,2025.683,0.57245,0.2972,0.26224,24.94702,,
99078,01-12-2023 10:45,01-12-2023 10:45,01-12-2023 10:00,14687.73,460.3235,24528.64,415.8542,75.86629,,2030.024,0.57258,0.29823,0.29996,24.96786,,
99079,01-12-2023 10:45,01-12-2023 10:45,01-12-2023 10:00,13383.1,389.4332,22426.64,412.5975,75.42763,,2023.872,0.573465,0.27592,0.20945,24.92385,,
99080,01-12-2023 10:45,01-12-2023 10:45,01-12-2023 10:00,5779.937,278.0345,5486.829,412.5524,73.04978,,2032.82,0.572684,0.28562,0.20322,24.92333,,
99081,01-12-2023 10:45,01-12-2023 10:45,01-12-2023 10:00,3536.805,209.5725,3362.049,412.291,72.02745,,2032.82,0.572684,0.28562,0.20322,24.92333,,
99082,01-12-2023 10:45,01-12-2023 10:45,01-12-2023 10:00,6310.446,202.7337,6399.443,410.4644,65.79465,,2092.208,0.622,0.29787,0.27369,24.82253,,
99083,01-12-2023 10:45,01-12-2023 10:45,01-12-2023 10:00,0,0,0,410.2244,66.06979,,2092.208,0.622,0.29787,0.27369,24.82253,,
99084,01-12-2023 10:45,01-12-2023 10:45,01-12-2023 10:00,3710.83,204.9903,3670.372,401.4244,72.03362,,2073.669,0.599,0.2866,0.27738,24.70635,,
99085,01-12-2023 10:45,01-12-2023 10:45,01-12-2023 10:00,3498.331,206.4244,3732.05,401.4158,70.58268,,2073.669,0.599,0.2866,0.27738,24.70635,,
99086,01-12-2023 10:45,01-12-2023 10:45,01-12-2023 10:00,5397.803,206.4244,7956.68,405.2774,64.25442,,2079.5,0.604,0.28206,0.42974,24.46243,,
99087,01-12-2023 10:45,01-12-2023 10:45,01-12-2023 10:00,11885.33,383.0004,22242.97,476.2042,84.44523,,2052.694,0.58476,0.22592,0.25585,24.49275,,
99088,01-12-2023 10:45,01-12-2023 10:45,01-12-2023 10:00,0,0,0,475.7794,82.74872,,2052.694,0.58476,0.22592,0.25585,24.49275,,
99089,01-12-2023 10:45,01-12-2023 10:45,01-12-2023 10:00,7348.084,226.9782,7278.888,214.7464,58.45369,,2036.732,0.587622,0.24247,0.22977,24.22328,,
99090,01-12-2023 10:45,01-12-2023 10:45,01-12-2023 10:00,4100.434,226.5424,4000.525,214.7,58.3392,,2036.732,0.587622,0.24247,0.22977,24.22328,,
99091,01-12-2023 10:45,01-12-2023 10:45,01-12-2023 10:00,10030.55,329.4252,20287.38,446.4659,62.29006,,2032.389,0.57634,0.24052,0.30833,24.78784,,
99092,01-12-2023 10:45,01-12-2023 10:45,01-12-2023 10:00,13936.3,436.2028,24585.85,440.9754,62.86953,,2032.36,0.57538,0.26266,0.24606,24.28239,,
99093,01-12-2023 10:45,01-12-2023 10:45,01-12-2023 10:00,10390.5,360.9232,22622.82,459.6544,70.20282,,2033.853,0.57684,0.26268,0.23282,24.92528,,
99094,01-12-2023 10:45,01-12-2023 10:45,01-12-2023 09:00,1015.731,60.37464,3262.202,448.4929,57.45669,4.233726,2028.733,0.57524,0.25283,0.29093,22.50334,2,
99095,01-12-2023 10:45,01-12-2023 10:45,01-12-2023 10:00,8166.119,242.0253,8468.868,466.8594,59.66625,,2022.036,0.577089,0.24472,0.26706,24.85085,,
99096,01-12-2023 10:45,01-12-2023 10:45,01-12-2023 09:00,335.7513,6.856984,234.8069,481.0745,46.39396,5.324894,2029.95,0.5726,0.2868,0.2202,25.58352,0.875,
99097,01-12-2023 10:45,01-12-2023 10:45,01-12-2023 09:00,0,29.9824,706.7924,482.6249,46.49399,0.2347368,2022.86,0.5725,0.26643,0.25355,25.48228,2.5,
99098,01-12-2023 10:45,01-12-2023 10:45,01-12-2023 10:00,7511.331,269.9007,6645.626,471.72,57.02668,,2030.27,0.5725,0.25886,0.2342,24.55286,,
99099,01-12-2023 10:45,01-12-2023 10:45,01-12-2023 09:00,1413.584,33.04952,660.5239,472.0561,49.22823,22.88574,2022.27,0.5728,0.27452,0.4007,25.6069,2.5,
99100,01-12-2023 10:45,01-12-2023 10:45,01-12-2023 10:00,10654.31,335.7267,20696.84,471.2144,65.9289,,2029.28,0.5727,0.28849,0.26508,24.40274,,
99101,01-12-2023 10:45,01-12-2023 10:45,01-12-2023 09:00,807.1865,26.33297,898.2636,472.4969,46.28302,25.38267,2022.05,0.5728,0.3286,0.25234,25.33408,2.25,
99102,01-12-2023 10:45,01-12-2023 10:45,01-12-2023 09:00,3381.78,76.0707,2367.972,468.5625,65.625,28.48229,2047.948,0.594362,0.22262,0.22587,23.22828,2.875,
99103,01-12-2023 10:46,11-08-2023 08:16,11-08-2023 08:00,0,0,0,0.4441476,60,,2048.779,0.594989,0.20922,0.23922,24.25208,,
99104,01-12-2023 10:46,11-08-2023 08:16,11-08-2023 08:00,0,0,0,0.2496284,60,,2048.779,0.594989,0.20922,0.23922,24.25208,,
99105,01-12-2023 10:45,01-12-2023 10:45,01-12-2023 10:00,8446.044,269.6229,8529.994,460.4821,62.89233,,2056.585,0.58753,0.22259,0.2268,24.77742,,
99106,01-12-2023 10:45,01-12-2023 10:45,01-12-2023 10:00,9010.084,283.5067,8975.862,460.5664,63.02258,,2056.585,0.58753,0.22259,0.2268,24.77742,,
99107,01-12-2023 10:45,01-12-2023 10:45,01-12-2023 10:00,1853.531,82.49249,2496.439,446.5766,57.43264,,2039.827,0.589352,0.22848,0.23498,24.62676,,
99108,01-12-2023 10:45,01-12-2023 10:45,01-12-2023 10:00,7530.075,252.9092,8420.294,800.8024,72.45867,,2036.67,0.5745,0.22268,0.20049,24.55382,,
99109,01-12-2023 10:45,01-12-2023 10:45,01-12-2023 10:00,7530.075,252.9092,8420.294,800.8024,72.45867,,2036.67,0.5745,0.22268,0.20049,24.55382,,
99110,01-12-2023 10:45,01-12-2023 10:45,01-12-2023 10:00,31388.93,567.3467,28364.72,454.1469,78.70227,,2038.922,0.588332,0.22333,0.20007,24.3293,,
99111,01-12-2023 10:45,01-12-2023 10:45,01-12-2023 10:00,10096.75,305.2772,20378,446.5198,72.04282,,2056.222,0.587,0.2286,0.2936,24.55286,,
99112,01-12-2023 10:45,01-12-2023 10:45,01-12-2023 10:00,33031.59,729.588,22387.22,465.9417,77.89702,,2025.42,0.5803,0.227,0.266,24.38942,,
99113,01-12-2023 10:45,01-12-2023 10:45,01-12-2023 10:00,9734.78,322.4429,9578.054,465.7898,77.5462,,2025.42,0.5803,0.227,0.266,24.38942,,
99114,01-12-2023 10:45,01-12-2023 10:45,01-12-2023 10:00,10895.99,326.2279,20545.75,891.7545,77.84228,,2064.024,0.593,0.28943,0.32686,24.92575,,
99115,01-12-2023 10:45,01-12-2023 10:45,01-12-2023 10:00,8486.593,256.8757,8329.895,891.4589,77.28432,,2064.024,0.593,0.28943,0.32686,24.92575,,
99116,01-12-2023 10:46,01-12-2023 10:45,01-12-2023 03:00,0,0,0,0,52.05835,,2279.705,0.748327,0.0682229,0.7570052,23.57227,,57.52325
99117,01-12-2023 10:45,01-12-2023 10:45,01-12-2023 09:00,0,0,0,10.4576,46.8223,,2295.577,0.69269,0.2652022,0.4626238,24.27249,,0
99118,01-12-2023 10:45,01-12-2023 10:45,01-12-2023 10:00,1363.414,42.53879,2286.209,206.8761,49.23077,23.07026,2297.5,0.6828,0.2878,0.6562,23.26726,2.75,33592.02
99119,01-12-2023 10:45,01-12-2023 10:45,01-12-2023 09:00,330.3933,37.33948,2235.652,206.4722,0.8742259,0.6486942,2228.53,0.6935,0.28402,0.50299,23.25267,2,28382.65
99120,01-12-2023 10:45,01-12-2023 10:45,01-12-2023 10:00,3199.73,99,2825,208.5116,59.90689,37.07065,2297.95,0.6829,0.2974,0.6222,22.67282,2,67220
99121,01-12-2023 10:45,01-12-2023 10:45,01-12-2023 09:00,0,0,0,4.64556,43.2702,-0.0339223,2088.56,0.62926,0.28745,2.2627,22.75278,2.5,25099.62
99122,01-12-2023 10:45,01-12-2023 10:45,01-12-2023 09:00,5371.849,254.5202,4954.084,191.1666,52.49677,22.28644,2287.9,0.6737,0.2005,0.4598,22.64365,3.5,277096.3
99123,01-12-2023 10:45,01-12-2023 10:45,01-12-2023 09:00,6896.563,257.5023,7278.825,189.4447,48.06034,38.28349,2202.27,0.682,0.2897,0.4556,22.26825,3.5,73325.35
99124,01-12-2023 10:45,01-12-2023 10:45,01-12-2023 09:00,6866.509,273.2674,6020.452,206.9447,49.20638,33.58932,2205.92,0.6855,0.2978,0.479,23.24254,3.5,259723.2
99125,01-12-2023 10:45,01-12-2023 10:45,01-12-2023 09:00,1940.596,75.6284,2069.945,144.7914,45.79306,209.2878,2023.85,0.5709,0.40222,0.337,22.43328,2.5,65073.67
99126,01-12-2023 10:45,01-12-2023 10:45,01-12-2023 09:00,5179.391,270.9393,5328.743,155.1905,50.22395,25.29235,2202.93,0.6826,0.29539,0.3937,22.22238,3.5,250683.7
99127,01-12-2023 10:45,01-12-2023 10:45,01-12-2023 10:00,0,0,0,26.46896,50.07047,0,2284.27,0.6732,0.2884,0.6376,22.80278,0.75,0
99128,01-12-2023 10:45,01-12-2023 10:45,01-12-2023 09:00,0,0,3.780349,0.6097974,58.56574,-0.03378205,2020.05,0.5698,0.2765,0.2286,23.02002,3.625,202.3565
99129,01-12-2023 10:45,01-12-2023 10:45,01-12-2023 10:00,0,0,0,-1.499716,60.2082,,2020,0.5722,0.2862,0.3024,22.89276,,0
99130,01-12-2023 10:45,01-12-2023 10:45,01-12-2023 10:00,3837.711,95,2806,144.94,48.25,72.80789,2026.25,0.57223,0.40604,0.22803,22.93327,2,82206
99131,01-12-2023 10:45,01-12-2023 10:45,01-12-2023 10:00,6397.366,259,5658,206.6065,48.25242,28.23338,2203.73,0.6839,0.2992,0.459,22.42247,3.5,256036
1999001,01-12-2023 10:45,01-12-2023 10:45,01-12-2023 10:00,5199.034,268,5864,419.1728,62.44528,48.59326,2027.054,0.582348,0.30852,0.20662,22.67282,2.5,232269
1999002,01-12-2023 10:47,01-12-2023 10:47,01-12-2023 10:00,11013.18,388,22233,491.4071,48.67442,22.22662,2230,0.63472,0.29254,0.27824,22.42247,4.75,295532
1999003,01-12-2023 10:45,01-12-2023 10:45,01-12-2023 10:00,33033.43,707,22234,422.4108,62.03224,57.39202,2027.682,0.582563,0.24528,0.28957,22.02294,4.75,722689
1999004,01-12-2023 10:45,01-12-2023 10:45,01-12-2023 10:00,5738.808,287,5839,160.4614,48.66706,22.62822,2252.58,0.7227,0.2977,6.2478,22.25222,3.75,282627
1999005,01-12-2023 10:45,01-12-2023 10:45,01-12-2023 10:00,8333.035,256,8282,427.0146,57.46023,57.36269,2027.329,0.582982,0.28066,0.29795,22.67282,3,325078
1999006,01-12-2023 10:45,01-12-2023 10:45,01-12-2023 10:00,0,0,0,4.64516,47.55545,0,2272,0.6672,0.2273,0.73454,22.28229,4.75,0
1999007,01-12-2023 10:45,01-12-2023 10:45,01-12-2023 10:00,5813.965,284,5958,161.4415,46.68533,23.05345,2252.58,0.7227,0.2977,6.2478,22.25222,3.75,235352
1999008,01-12-2023 10:45,01-12-2023 10:45,01-12-2023 10:00,0,0,0,0.4070994,49.23544,,2030.834,0.583306,0.23285,0.28323,22.67282,,0
1999009,01-12-2023 10:45,01-12-2023 10:45,01-12-2023 10:00,8456.496,268,6042,420.8744,62.77547,205.546,2030.074,0.583292,0.25696,0.29249,22.93327,2.625,266938
1999010,01-12-2023 10:45,01-12-2023 10:45,01-12-2023 10:00,18501.43,587,28760,481.5887,64.39779,227.255,2022.982,0.5728,0.28525,0.23922,22.803,3.5,528657
1999011,01-12-2023 10:45,01-12-2023 10:45,01-12-2023 10:00,900.517,29,800,114.4669,47.72995,29.24987,980.82,0.582863,0.28096,3.29295,23.3237,2.5,50082
1999012,01-12-2023 10:45,01-12-2023 10:45,01-12-2023 10:00,3450.455,233,4433,178.5662,56.85534,2.822442,2279.82,0.672,0.298,0.668,22.02294,4.75,236995
1999013,01-12-2023 10:48,01-12-2023 10:16,01-12-2023 07:00,3334.597,33,3278,180.9015,59.52892,8.440948,2287.34,0.6723,0.2958,0.3763,22.25222,3.5,95228
1999014,01-12-2023 10:45,01-12-2023 10:45,01-12-2023 10:00,13860.15,424,22997,422.4146,62.29062,42.98626,2027.682,0.582563,0.24528,0.28957,22.803,3.875,525626
1999015,01-12-2023 10:45,01-12-2023 10:45,01-12-2023 10:00,5593.713,274,5474,444.6991,62.24973,82.57526,2029.283,0.583285,0.27979,0.22022,22.67282,2.25,275320
1999016,01-12-2023 10:45,01-12-2023 10:45,01-12-2023 10:00,13054.95,446,23497,448.5067,49.56544,25.62208,2258.72,0.65358,0.26529,0.37563,22.42247,4.75,385822
1999017,01-12-2023 10:45,01-12-2023 10:45,01-12-2023 10:00,9513.413,326,8722,449.1417,52.92587,28.754,2258.72,0.65358,0.26529,0.37536,22.93327,3.5,257585
1999018,01-12-2023 10:45,01-12-2023 10:45,01-12-2023 10:00,33783.81,696,22277,248.2484,73.44949,207.8563,2022.38,0.572976,0.30036,0.22269,23.29352,4.5,659887
1999019,01-12-2023 10:45,01-12-2023 10:45,01-12-2023 10:00,33753.87,698,22226,248.4926,73.56657,207.5327,2022.38,0.572976,0.30036,0.22269,23.29352,4.4999,652295
99132,01-12-2023 10:45,01-12-2023 10:45,01-12-2023 10:00,30183.63,659,20772,478.2145,75.44935,,2022.37,0.5727,0.28692,0.22833,25.03954,,
99133,01-12-2023 10:45,01-12-2023 10:45,01-12-2023 10:00,38858.96,2274,37755,465.1454,75.7257,,2032.65,0.5725,0.2833,0.2068,24.90936,,
99134,01-12-2023 10:45,01-12-2023 10:45,01-12-2023 10:00,9476.938,288,9269,465.1469,75.68872,,2032.65,0.5725,0.2833,0.2068,24.90936,,
99135,01-12-2023 10:45,01-12-2023 10:45,01-12-2023 10:00,19486.47,625.5542,28728.36,454.2128,76.69046,,2032.76,0.57282,0.2725,0.2402,24.86553,,
99136,01-12-2023 10:45,01-12-2023 10:45,01-12-2023 10:00,19877.18,629.2786,29289.7,454.5682,76.27332,,2032.76,0.57282,0.2725,0.2402,24.86553,,
99137,01-12-2023 10:45,01-12-2023 10:45,01-12-2023 10:00,540.6047,27.74644,2075.626,488.9655,48.47647,3.282286,2030.06,0.5722,0.3038,0.2272,25.03954,2.5,
99138,01-12-2023 10:45,01-12-2023 10:45,01-12-2023 10:00,9350.136,262.8456,7857.085,522.6484,66.77225,242.2848,2026.27,0.58,0.2686,0.2345,24.77929,2.25,
99139,01-12-2023 10:45,01-12-2023 10:45,01-12-2023 10:00,9331.348,263.0972,7879.482,522.4149,66.06928,240.4376,,,,,24.77929,2.25,
99140,01-12-2023 10:45,01-12-2023 10:45,01-12-2023 10:00,13810.53,422,22322,407.0001,90.32822,,2050.802,0.58328,0.2863,0.22485,24.38866,,
99141,01-12-2023 10:45,01-12-2023 10:45,01-12-2023 10:00,34338.4,729.2282,23257.02,484.5295,79.22252,,2030.684,0.572268,0.2952,0.20432,25.05787,,
99142,01-12-2023 10:45,01-12-2023 10:45,01-12-2023 10:00,3618.339,82.50723,2605.764,404.8725,62.888,,2073.305,0.598,0.28545,0.25473,24.27576,,
99143,01-12-2023 10:45,01-12-2023 10:45,01-12-2023 10:00,7551.308,236.9453,7580.552,474.7122,72.39834,,2029.28,0.5727,0.28849,0.26508,24.48085,,
Z9990001,01-12-2023 10:45,01-12-2023 10:45,01-12-2023 10:00,33096.08,643,22947,407.7078,54.20444,74.46424,2024.88,0.57373,0.27706,0.25609,22.67282,4.5,637878
Z9990002,01-12-2023 10:45,01-12-2023 10:45,01-12-2023 10:00,0,0,0,409.4674,44.27955,0,2024.88,0.57373,0.27706,0.25609,22.67282,4.75,0
Z9990003,01-12-2023 10:45,01-12-2023 10:45,01-12-2023 10:00,6883.113,209,6698,147.897,55.25596,23.69324,2209.25,0.6865,0.2077,0.3688,22.67282,4.75,280569
Z9990004,01-12-2023 10:45,01-12-2023 10:45,01-12-2023 10:00,34701.3,828,26295,467.0445,50.93024,62.82287,2039.543,0.58075,0.2222,0.329,22.25222,4.75,760522
Z9990005,01-12-2023 10:45,01-12-2023 10:45,01-12-2023 10:00,0,0,0,0.01586724,49.44202,0,2027.782,0.58055,0.29942,0.22862,22.42247,4.75,0
Z9990006,01-12-2023 10:45,01-12-2023 10:45,01-12-2023 10:00,0,0,0,0.2492704,49.32205,0,2028.25,0.5826,0.2862,0.3248,23.06335,4.75,0
Z9990007,01-12-2023 10:45,01-12-2023 10:45,01-12-2023 10:00,6006.134,202,6647,167.4749,66.7088,9.233952,2282.22,0.6754,0.203,0.9525,22.93327,4.75,292625
Z9990008,01-12-2023 10:45,01-12-2023 10:45,01-12-2023 10:00,3583.978,223,3946,147.557,60.56282,22.56425,2288.64,0.6728,0.2927,0.339,22.803,3.625,295235
Z9990009,01-12-2023 10:45,01-12-2023 10:45,01-12-2023 10:00,9680.178,323,9898,152.1472,62.23522,23.05288,2274.52,0.6635,0.2892,0.3209,22.54264,4.875,253258
Z9990010,01-12-2023 10:45,01-12-2023 10:45,01-12-2023 10:00,0,0,0,174.4211,48.02779,0,2289.2,0.678,0.289,0.799,22.803,3.5,97256
Z9990011,01-12-2023 10:45,01-12-2023 10:45,01-12-2023 10:00,0,0,0,464.6714,49.54854,,2028.482,0.57543,0.25343,0.23223,22.42247,,0
Z9990012,01-12-2023 10:45,01-12-2023 10:45,01-12-2023 10:00,0,0,22,426.4718,49.27242,,2028.47,0.57553,0.24258,0.25865,22.67282,,0
Z9990013,01-12-2023 10:45,01-12-2023 10:45,01-12-2023 10:00,6753.151,289,6474,142.0889,50.38488,33.60322,2025.54,0.57052,0.33423,0.30262,22.02294,3.625,
Z9990014,01-12-2023 10:45,01-12-2023 10:45,01-12-2023 10:00,5331.789,249,4802,189.926,52.98565,28.5428,2287.9,0.6737,0.2005,0.4598,22.67282,3.625,225670
Z9990015,01-12-2023 10:46,01-12-2023 10:46,01-12-2023 10:00,11604.66,386,22425,489.7757,45.55296,23.52496,2230,0.63472,0.29254,0.27824,22.28229,4.75,285229
Z9990016,01-12-2023 10:45,01-12-2023 10:45,01-12-2023 10:00,9361.867,240,7642,461.0847,65.64699,8.294223,2275.44,0.67202,0.26645,2.00367,22.54264,4.75,237262
Z9990017,01-12-2023 10:45,01-12-2023 10:45,01-12-2023 10:00,14090.33,449,24300,204.9484,52.2562,39.83029,2282.29,0.6735,0.2063,0.3726,22.54264,4.75,525279
Z9990018,01-12-2023 10:45,01-12-2023 10:45,01-12-2023 10:00,0,0,0,224.4942,45.74094,0,2289.85,0.6738,0.2035,0.35,22.42247,4.75,0
Z9990019,01-12-2023 10:45,01-12-2023 10:45,01-12-2023 10:00,34597.73,2045,35050,484.8607,63.4232,294.9607,2022.982,0.5728,0.28525,0.23922,22.67282,4.25,2079078
Z9990020,01-12-2023 10:45,01-12-2023 10:45,01-12-2023 10:00,13606,390,23254,401.5855,50.27948,,2022.545,0.572523,0.29234,0.27398,22.67282,,505727
Z9990021,01-12-2023 10:45,01-12-2023 10:45,01-12-2023 10:00,14393.8,430,24222,401.9725,50.30666,,2022.545,0.572523,0.29234,0.27398,22.803,,532538
Z9990022,01-12-2023 10:46,01-12-2023 10:46,01-12-2023 10:00,13659.31,432,25266,284.6664,48.98376,248.3947,2022.662,0.572848,0.32224,0.26906,22.28229,3,392762
Z9990023,01-12-2023 10:45,01-12-2023 10:45,01-12-2023 09:00,4387.838,256.2624,5096.238,420.2944,62.8494,53.02925,2027.054,0.582348,0.30852,0.20662,22.74499,2.25,256392.6
Z9990024,01-12-2023 10:45,01-12-2023 10:45,01-12-2023 10:00,4569.053,265,5362,174.4544,47.5209,27.38976,2289.2,0.678,0.289,0.799,22.54264,3.5,22326
Z9990025,01-12-2023 10:45,01-12-2023 10:45,01-12-2023 10:00,0,0,0,-0.1441167,44.87445,,2024.56,0.5708,0.2792,0.2068,22.803,,0
Z9990026,01-12-2023 10:45,01-12-2023 10:45,01-12-2023 10:00,10486.4,304,9374,428.808,52.39935,,2020.368,0.572622,0.32326,0.27339,22.67282,,258085
Z9990027,01-12-2023 10:45,01-12-2023 10:45,01-12-2023 10:00,9315.801,304,9694,155.4808,50.36507,23.90857,2296.28,0.682,0.298,0.675,22.803,4.75,320596
Z9990028,01-12-2023 10:45,01-12-2023 10:45,01-12-2023 10:00,14379.87,455,24449,280.6191,68.47892,205.2377,2022.38,0.5725,0.3205,0.2222,23.06335,3.5,550023
Z9990029,01-12-2023 10:45,01-12-2023 10:45,01-12-2023 10:00,14903.33,462,24779,280.0958,68.65272,224.8695,2022.38,0.5725,0.3205,0.2222,22.93327,3.5,552325
Z9990030,01-12-2023 10:45,01-12-2023 10:45,01-12-2023 10:00,3300.137,86,2992,480.2714,44.97449,69.57682,2023.864,0.5705,0.3332,0.2335,22.803,2.75,90563
Z9990031,01-12-2023 10:45,01-12-2023 10:45,01-12-2023 10:00,5013.114,295,6346,145.021,56.38993,,2026.82,0.5709,0.32007,0.30067,22.54264,,222838
Z9990032,01-12-2023 10:45,01-12-2023 10:45,01-12-2023 10:00,0,0,0,-0.1126509,48.38408,0,2032.03,0.5828,0.2254,0.2287,22.54264,4.25,85500
Z9990033,01-12-2023 10:45,01-12-2023 10:45,01-12-2023 10:00,31161.34,922,29322,459.8402,56.23038,230.2699,2027.8,0.5804,0.2372,0.2807,22.803,4.5,989806
Z9990034,01-12-2023 10:45,01-12-2023 10:45,01-12-2023 10:00,0,0,0,461.9688,48.23325,0,2027.225,0.58055,0.24285,0.20456,22.67282,4.75,0
Z9990035,01-12-2023 10:45,01-12-2023 10:45,01-12-2023 10:00,0,0,0,19.89159,43.5237,,2022.97,0.572,0.2702,0.25,9.288244,,0
Z9990036,01-12-2023 10:45,01-12-2023 10:45,01-12-2023 10:00,4739.54,224,4266,121.005,47.2082,,2022.873,0.572743,0.2836,0.98242,22.93327,,232687
Z9990037,01-12-2023 10:45,01-12-2023 10:45,01-12-2023 10:00,14063.14,460,24844,464.1849,50.34288,20.08806,2042.529,0.58209,0.2275,0.26944,22.803,4.75,655582
Z9990038,01-12-2023 10:45,01-12-2023 10:45,01-12-2023 10:00,0,0,0,9.560742,49.25808,0,2042.529,0.58209,0.2275,0.26944,22.93327,4.75,0
Z9990039,01-12-2023 10:45,01-12-2023 10:45,01-12-2023 10:00,16773.35,538,26988,402.4569,58.34093,,2025.224,0.57939,0.2372,0.22526,22.67282,,563275
Z9990040,01-12-2023 10:45,01-12-2023 10:45,01-12-2023 10:00,6933.104,200,6558,208.9044,55.45026,20.28876,2226.28,0.6928,0.2882,0.462,22.67282,4.75,295668
Z9990041,01-12-2023 10:45,01-12-2023 10:45,01-12-2023 10:00,8456.048,237,7274,209.0504,55.65249,24.40958,2226.28,0.6928,0.2882,0.462,22.67282,4.75,205036
Z9990042,01-12-2023 10:45,01-12-2023 10:45,01-12-2023 10:00,0,0,0,416.7644,48.86633,0,2042.529,0.58209,0.2275,0.26944,22.803,4.75,0
Z9990043,01-12-2023 10:45,01-12-2023 10:45,01-12-2023 10:00,33076.88,2003,32706,442.5912,60.48785,225.2708,2022.456,0.57774,0.23535,0.23542,22.67282,4.75,902950
Z9990044,01-12-2023 10:45,01-12-2023 10:46,01-12-2023 10:00,0,0,0,445.4204,48.94692,0,2022.456,0.57774,0.23535,0.23542,22.803,4.75,372
Z9990045,01-12-2023 10:46,01-12-2023 10:46,01-12-2023 10:00,33784.13,2036,32529,442.8554,60.05202,230.4024,2022.456,0.57774,0.23535,0.23542,22.803,4.75,925858
Z9990046,01-12-2023 10:45,01-12-2023 10:45,01-12-2023 10:00,7480.848,246,7806,400.668,54.93277,,2077.44,0.6,0.22,0.27,22.67282,,272292
Z9990047,01-12-2023 10:45,01-12-2023 10:45,01-12-2023 10:00,7597.493,253,7927,400.5494,54.3072,,2078,0.602,0.22,0.27,22.54264,,278782
Z9990048,01-12-2023 10:45,01-12-2023 10:45,01-12-2023 10:00,0,0,0,85.42894,44.4222,,2020.027,0.5707,0.30424,0.22562,22.803,,0
Z9990049,01-12-2023 10:45,01-12-2023 10:45,01-12-2023 10:00,11150.31,346,22528,479.6874,75.77383,20.97762,2248.4,0.64687,0.26405,0.36378,22.54264,,328272
Z9990050,01-12-2023 10:45,01-12-2023 10:45,01-12-2023 10:00,0,0,0,445.4479,49.38929,0,2022.456,0.57774,0.23535,0.23542,22.93327,4.75,0
Z9990051,01-12-2023 10:45,01-12-2023 10:45,01-12-2023 10:00,10906.34,362,22399,427.9154,55.74306,50.79535,2024.304,0.57282,0.26833,0.22833,22.803,3.5,359023
Z9990052,01-12-2023 10:45,01-12-2023 10:45,01-12-2023 10:00,39636.73,846,27468,464.6758,67.24836,92.59563,2028.482,0.57543,0.25343,0.23223,22.803,4.75,825079
Z9990053,01-12-2023 10:45,01-12-2023 10:45,01-12-2023 10:00,5084.638,268,5452,164.1546,55.50907,,2224.59,0.7002,0.2079,0.7327,22.93327,,260995
Z9990054,01-12-2023 10:45,01-12-2023 10:45,01-12-2023 10:00,5394.597,272,5487,164.6447,58.68942,,2224.59,0.7002,0.2079,0.7327,22.67282,,258535
Z9990055,01-12-2023 10:45,01-12-2023 10:45,01-12-2023 10:00,13776.78,388,22437,177.0444,58.88602,,2224.38,0.692,0.279,0.632,22.67282,,358722
Z9990056,01-12-2023 10:45,01-12-2023 10:45,01-12-2023 10:00,14533.38,382,22678,420.0948,60.2935,32.67377,2027.5,0.575345,0.26546,0.28399,22.803,4.5,385223
Z9990057,01-12-2023 10:45,01-12-2023 10:45,01-12-2023 10:00,15364.08,449,24092,291.896,65.38483,30.7447,2032.472,0.584005,0.24543,0.29292,22.67282,4.75,529257
Z9990058,01-12-2023 10:45,01-12-2023 10:45,01-12-2023 10:00,0,0,0,264.5704,-74.2424,0,2033.255,0.584528,0.22422,0.28042,22.67282,4.75,0
Z9990059,01-12-2023 10:45,01-12-2023 10:45,01-12-2023 10:00,0,0,0,248.6714,49.74936,0,2032.262,0.584253,0.22497,0.22803,22.803,4.75,0
Z9990060,01-12-2023 10:45,01-12-2023 10:45,01-12-2023 10:00,5316.539,227,5782,158.1084,62.90693,,2220.82,0.689,0.2894,0.5372,22.93327,4.75,
Z9990061,01-12-2023 10:45,01-12-2023 10:45,01-12-2023 10:00,5337.133,268,5722,157.8449,62.50359,,2220.82,0.689,0.2894,0.5372,22.67282,4.75,
Z9990062,01-12-2023 10:45,01-12-2023 10:45,01-12-2023 10:00,0,0,0,204.0161,59.04722,0,2262.285,0.65732,0.25622,0.52953,22.67282,4.75,3683
Z9990063,01-12-2023 10:45,01-12-2023 10:45,01-12-2023 10:00,6570.407,202,6526,445.4666,67.82534,4.400642,2262.285,0.65732,0.25622,0.52953,22.93327,4.75,267679
Z9990064,01-12-2023 10:45,01-12-2023 10:45,01-12-2023 10:00,5660.476,275,5332,444.8518,60.76205,82.75395,2029.283,0.583285,0.27979,0.22022,23.06335,2.25,277289
Z9990065,01-12-2023 10:45,01-12-2023 10:45,01-12-2023 10:00,4965.551,232,3920,188.1724,64.83975,42.27848,2296.05,0.6783,0.2028,0.392,22.803,3,226978
Z9990066,01-12-2023 10:45,01-12-2023 10:45,01-12-2023 10:00,11391.01,356,22274,222.1578,64.67522,22.06326,2062.49,0.57607,0.22627,0.23285,23.68227,4.75,338859
Z9990067,01-12-2023 10:45,01-12-2023 10:45,01-12-2023 10:00,11316.09,223,22223,222.2814,64.64397,22.37528,2062.49,0.57607,0.22627,0.23285,23.75982,4.75,339690
Z9990068,01-12-2023 10:45,01-12-2023 10:45,01-12-2023 10:00,11775.59,358.8287,22295.22,222.1482,64.27203,23.57206,2062.49,0.57607,0.22627,0.23285,22.68252,4.75,
Z9990069,01-12-2023 10:45,01-12-2023 10:45,01-12-2023 10:00,35414.08,796,25020,400.6646,93.24478,88.25704,2032.588,0.58389,0.2022,0.24923,22.93327,4.75,736775
Z9990070,01-12-2023 10:45,01-12-2023 10:45,01-12-2023 10:00,36317.04,823,26009,400.4967,93.86488,94.92227,2032.587,0.58389,0.2022,0.24923,22.93327,4.75,855258
Z9990071,01-12-2023 10:45,01-12-2023 10:45,01-12-2023 10:00,35763.63,806,25422,400.2986,92.27664,90.66422,2032.587,0.58389,0.2022,0.2492,23.06335,4.75,828390
Z9990072,01-12-2023 10:45,01-12-2023 10:45,01-12-2023 10:00,13708.37,409.7302,23924.64,419.7454,49.24802,567.6058,2029.372,0.572295,0.29277,0.222029,23.3207,2.25,
Z9990073,01-12-2023 10:45,01-12-2023 10:45,01-12-2023 10:00,0,0,0,122.1071,44.73262,0,2027.877,0.57476,0.24652,0.22389,22.67282,4.5002,0
Z9990074,01-12-2023 10:45,01-12-2023 10:45,01-12-2023 10:00,39330.39,903,28289,405.7468,67.00522,225.4975,2209.72,0.687,0.2596,0.4622,22.28229,4.75,893023
Z9990075,01-12-2023 10:45,01-12-2023 10:45,01-12-2023 10:00,39445.67,860,28358,405.0749,67.24444,226.6249,2277.85,0.68,0.265,0.535,22.28229,4.75,902528
Z9990076,01-12-2023 10:45,01-12-2023 10:45,01-12-2023 10:00,18473.56,558,28653,420.9694,62.27457,52.73253,2027.682,0.582563,0.24528,0.28957,22.42247,4.5,585968
Z9990077,01-12-2023 10:45,01-12-2023 10:45,01-12-2023 10:00,30340.35,623,20384,229.2427,69.27646,68.92772,2022.72,0.57229,0.29232,0.22457,23.29352,4.75,590058
Z9990078,01-12-2023 10:45,01-12-2023 10:45,01-12-2023 10:00,30183,627,20239,229.1972,68.82664,67.78626,2022.72,0.57229,0.292322,0.22457,23.29352,4.75,589552
Z9990079,01-12-2023 10:45,01-12-2023 10:45,01-12-2023 10:00,3889.953,203.6386,3302.459,486.8419,59.52942,,2060.458,0.59,0.20505,0.24442,24.82295,,
Z9990080,01-12-2023 10:45,01-12-2023 10:45,01-12-2023 10:00,7978.108,256.4978,8265.2,458.5926,-3.032665,,2055.795,0.587,0.29954,0.27556,24.39605,,
Z9990081,01-12-2023 10:45,01-12-2023 10:45,01-12-2023 10:00,4385.873,237.6252,4428.525,458.8527,-3.032665,,2055.795,0.587,0.29954,0.27556,24.39605,,
Z9990082,01-12-2023 10:45,01-12-2023 10:45,01-12-2023 10:00,6049.301,292.0437,5962.232,464.2019,72.03796,,2034.72,0.574648,0.24435,0.2796,24.84232,,
Z9990083,01-12-2023 10:45,01-12-2023 10:45,01-12-2023 10:00,0,0,2.239863,297.4277,48.2752,,2077.36,0.60282,0.23402,0.29229,24.5358,,
Z9990084,01-12-2023 10:45,01-12-2023 10:45,01-12-2023 10:00,0,0,0,297.0544,48.42894,,2077.36,0.60282,0.23402,0.29229,24.5358,,
Z9990085,01-12-2023 10:45,01-12-2023 10:45,01-12-2023 10:00,0,6.368543,20.25205,499.5421,49.08968,,2027.298,0.58055,0.22449,0.24333,24.28567,,
Z9990086,01-12-2023 10:45,01-12-2023 10:45,01-12-2023 10:00,33430.53,752.8907,22524.42,499.6148,69.08395,,2027.298,0.58055,0.22449,0.24333,24.28567,,
Z9990087,01-12-2023 10:45,01-12-2023 10:45,01-12-2023 10:00,6789.453,226.2976,6752.279,464.5119,72.20208,,2034.72,0.574648,0.24435,0.2796,24.84232,,
Z9990088,01-12-2023 10:45,01-12-2023 10:45,01-12-2023 10:00,33831.08,728.4289,22802.89,484.4944,79.00429,,2030.684,0.572268,0.2952,0.20432,25.05787,,
Z9990089,01-12-2023 10:45,01-12-2023 10:45,01-12-2023 10:00,3939.43,222.7264,3902.639,458.907,63.28862,,2055.795,0.587,0.29954,0.27556,24.39605,,
Z9990090,01-12-2023 10:45,01-12-2023 10:45,01-12-2023 10:00,11315.43,358.2535,22295.25,464.7876,65.32824,,2022.095,0.57592,0.22723,0.22268,24.50833,,
Z9990091,01-12-2023 10:45,01-12-2023 10:45,01-12-2023 10:00,3730.174,85.40267,2665.65,464.8464,65.77268,,2022.095,0.57592,0.22723,0.22268,24.50833,,
Z9990092,01-12-2023 10:45,01-12-2023 10:45,01-12-2023 09:00,13643,423.7906,22689.28,224.4144,74.39587,27.60243,2033.527,0.57579,0.22752,0.22328,25.50057,4.75,
Z9990093,01-12-2023 10:45,01-12-2023 10:45,01-12-2023 09:00,13173.6,432.2873,23250.64,224.448,76.09554,30.07528,2033.527,0.57579,0.22752,0.22328,25.50057,4.75,
Z9990094,01-12-2023 10:45,01-12-2023 10:45,01-12-2023 09:00,13504.57,442.2023,23522.63,224.4024,75.5467,32.5872,2033.527,0.57579,0.22752,0.22328,25.50057,4.75,
Z9990095,01-12-2023 10:45,01-12-2023 10:45,01-12-2023 10:00,36930.5,2242.825,36432.04,475.8642,88.56364,,2209.457,0.62229,0.29304,0.25692,24.22365,,
Z9990096,01-12-2023 10:45,01-12-2023 10:45,01-12-2023 10:00,37993.76,2282.202,37706.24,476.5265,86.32808,,2209.457,0.62229,0.29304,0.25692,24.22365,,
Z9990097,01-12-2023 10:45,01-12-2023 10:45,12/30/2023 0:00,45434.11,2434.827,44928.69,466.5521,85.82082,,2037.389,0.57727,0.20205,0.25222,25.00693,,
Z9990098,01-12-2023 10:45,01-12-2023 10:45,01-12-2023 09:00,33339.5,756.7823,25592.32,886.1516,80.22235,,2020.63,0.5775,0.28706,0.40362,25.22502,,
Z9990099,01-12-2023 10:45,01-12-2023 10:45,01-12-2023 09:00,33990.71,765.2307,25930.42,885.8519,80.34222,,2020.63,0.5775,0.28706,0.40362,25.22502,,
Z9990100,01-12-2023 10:45,01-12-2023 10:45,01-12-2023 10:00,3117.814,95.6647,2605.907,471.745,66.96974,,2063.335,0.59269,0.23728,0.27228,24.25677,,
Z9990101,01-12-2023 10:45,01-12-2023 10:45,01-12-2023 10:00,3935.553,93.02843,2997.897,471.4471,65.84827,,2063.335,0.59269,0.23728,0.27228,24.25677,,
Z9990102,01-12-2023 10:45,01-12-2023 10:45,01-12-2023 09:00,33048.05,702.0266,22522.09,485.5245,68.22822,,2026.738,0.58036,0.20797,0.2607,25.23725,,
Z9990103,01-12-2023 10:45,01-12-2023 10:45,01-12-2023 09:00,48538.68,2524.572,48295.62,941.2859,94.86327,,2202.224,0.62682,0.29258,0.28062,25.90344,,
Z9990104,01-12-2023 10:45,01-12-2023 10:45,01-12-2023 09:00,49643.33,2575.397,50202.52,942.2626,94.53899,,2202.224,0.62682,0.29258,0.28062,25.90344,,
Z9990105,01-12-2023 10:45,01-12-2023 10:45,01-12-2023 10:00,3465.535,229.4237,3760.473,458.4407,60.00942,,2052.089,0.585,0.22254,0.23403,24.53723,,
Z9990106,01-12-2023 10:45,01-12-2023 10:45,01-12-2023 10:00,3877.493,229.8987,3776.302,458.6286,59.65559,,2052.089,0.585,0.22254,0.23403,24.53723,,
Z9990107,01-12-2023 10:45,01-12-2023 10:45,01-12-2023 09:00,4184.175,229.8225,4258.225,467.5108,68.60748,,2053.628,0.585,0.28922,0.24096,23.75283,,
Z9990108,01-12-2023 10:45,01-12-2023 10:45,01-12-2023 09:00,4303.983,233.4453,4274.6,467.1646,68.74554,,2053.628,0.585,0.28922,0.24096,23.75283,,
Z9990109,01-12-2023 10:45,01-12-2023 10:45,01-12-2023 09:00,18795.54,648.8525,29393.22,447.495,72.5254,,2065.737,0.59426,0.22037,0.28458,25.2947,,
Z9990110,01-12-2023 10:45,01-12-2023 10:45,01-12-2023 09:00,0,0,0,447.4894,72.94907,,2065.737,0.59426,0.22037,0.28458,25.2947,,
Z9990111,01-12-2023 10:45,01-12-2023 10:45,01-12-2023 10:00,0,2224,26269,979.9447,0,,2092.658,0.622,0.29388,0.49077,0,,
Z9990112,01-12-2023 10:45,01-12-2023 10:45,01-12-2023 10:00,13531.64,452.7792,25206.52,801.4484,72.84544,,2036.67,0.5745,0.22268,0.20049,24.55382,,
Z9990113,01-12-2023 10:45,01-12-2023 10:45,01-12-2023 09:00,4401.339,223.4892,4492.259,467.4268,62.43349,,2055.462,0.587,0.2885,0.24828,23.77839,,
Z9990114,01-12-2023 10:45,01-12-2023 10:45,01-12-2023 09:00,4545.517,224.234,4552.742,466.4221,60.44243,,2055.462,0.587,0.2885,0.24828,23.77839,,
Z9990115,01-12-2023 10:45,01-12-2023 10:45,01-12-2023 09:00,5319.1,29.49696,20228.55,464.7849,72.37696,2.520672,2265.2,0.669,0.082,0.32,26.05275,4.75,
Z9990116,01-12-2023 10:45,01-12-2023 10:45,01-12-2023 09:00,5339.836,26.38846,20420.57,464.6524,72.05035,2.637523,2265.2,0.669,0.082,0.32,26.05275,4.75,
Z9990117,01-12-2023 10:45,01-12-2023 10:45,01-12-2023 09:00,40401.36,2272.522,36626.22,901.6454,92.24049,,2254.2,0.662,0.082,0.324,24.77229,,
Z9990118,01-12-2023 10:45,01-12-2023 10:45,01-12-2023 09:00,39939.15,2259.464,37968.32,858.9446,93.46206,,2254.2,0.662,0.082,0.324,24.77229,,
Z9990119,01-12-2023 10:45,01-12-2023 10:45,01-12-2023 10:00,1685.401,60,2328,411.1146,58.50233,,2067.063,0.594,0.29384,0.26987,25.03954,,
Z9990120,01-12-2023 10:45,01-12-2023 10:45,01-12-2023 10:00,10110.88,297,9357,224.9088,62.20288,64.77982,2022.94,0.573262,0.29373,0.20562,22.803,3.5002,295575
Z9990121,01-12-2023 10:45,01-12-2023 10:45,01-12-2023 09:00,3989.075,29.26704,3928.039,488.9949,65.96706,,2020.47,0.5742,0.23743,0.62239,23.8935,,
Z9990122,01-12-2023 10:45,01-12-2023 10:45,01-12-2023 09:00,3368.038,20.62867,2279.222,488.944,65.27257,,2020.47,0.5742,0.23743,0.62239,23.8935,,
Z9990123,01-12-2023 10:45,01-12-2023 10:45,01-12-2023 09:00,0,0,0,0.4488209,48.49792,,2066.309,0.5949,0.2326,0.3238,25.32242,,
Z9990124,01-12-2023 10:45,01-12-2023 10:45,01-12-2023 09:00,0,0,0,0.4488209,48.49792,,2066.309,0.5949,0.2326,0.3238,25.32242,,
Z9990125,01-12-2023 10:45,01-12-2023 10:45,01-12-2023 09:00,3135.96,77.8358,2436.272,924.6128,62.84242,,2070.03,0.59674,0.22952,0.26234,25.32462,,
Z9990126,01-12-2023 10:45,01-12-2023 10:45,01-12-2023 09:00,3300.311,80.78825,2525.563,922.6724,62.68758,,2070.03,0.59674,0.22952,0.26234,25.32462,,
Z9990127,01-12-2023 10:45,01-12-2023 10:45,01-12-2023 09:00,0,0.002295072,0.05649987,6.264502,50.93302,,2032.252,0.5732,0.234,0.3223,25.27699,,
Z9990128,01-12-2023 10:45,01-12-2023 10:45,01-12-2023 09:00,4913.037,92.70842,3909.922,445.7925,67.05925,,2202.928,0.627,0.26659,0.24552,28.07054,,
Z9990129,01-12-2023 10:45,01-12-2023 10:45,01-12-2023 09:00,4905.001,94.46262,4050.953,445.2444,66.29062,,2202.928,0.627,0.26659,0.24552,28.07054,,
Z9990130,01-12-2023 10:45,01-12-2023 10:45,01-12-2023 09:00,3937.86,74.27262,3229.236,445.9927,65.20643,,2202.928,0.627,0.26659,0.24552,28.07054,,
Z9990131,01-12-2023 10:45,01-12-2023 10:45,01-12-2023 09:00,3013.76,64.72733,3502.209,446.6818,62.44252,,2094.794,0.622,0.27963,0.24866,23.6987,,
Z9990132,01-12-2023 10:45,01-12-2023 10:45,01-12-2023 09:00,3067.301,62.57038,3477.568,445.2451,62.5493,,2094.794,0.622,0.27963,0.24866,23.6987,,
Z9990133,01-12-2023 10:45,01-12-2023 10:45,01-12-2023 09:00,1375.535,39.28045,2207.772,445.2898,265.9592,,2094.794,0.622,0.27963,0.24866,23.6987,,
Z9990134,01-12-2023 10:45,01-12-2023 10:45,01-12-2023 09:00,31495.83,684.6577,22646.02,925.1994,75.92226,,2072.078,0.59735,0.22399,0.22042,25.33676,,
Z9990135,01-12-2023 10:45,01-12-2023 10:45,01-12-2023 09:00,5341.161,269.7802,5667.282,926.8428,75.53442,,2072.078,0.59735,0.22399,0.22042,25.33676,,
Z9990136,01-12-2023 10:45,01-12-2023 10:45,01-12-2023 09:00,5337.345,262.4749,6283.768,442.9891,72.3672,,2202.492,0.627,0.28722,0.24582,23.75404,,
Z9990137,01-12-2023 10:45,01-12-2023 10:45,01-12-2023 09:00,3750.181,87.50025,3409.098,444.857,70.76226,,2202.492,0.627,0.28722,0.24582,23.75404,,
Z9990138,01-12-2023 10:45,01-12-2023 10:45,01-12-2023 09:00,0,0,0,8.455796,48.56922,,2080.77,0.60329,0.22659,0.24427,25.0335,,
Z9990139,01-12-2023 10:45,01-12-2023 10:45,01-12-2023 09:00,5337.773,265.4244,5279.322,466.0068,64.8233,,2039.632,0.5825,0.28539,0.53274,25.38203,,
Z9990140,01-12-2023 10:45,01-12-2023 10:45,01-12-2023 09:00,3065.877,66.97702,2090.396,465.2999,63.59503,,2039.632,0.5825,0.28539,0.53274,25.38203,,
Z9990141,01-12-2023 10:45,01-12-2023 10:45,01-12-2023 09:00,10687.89,357.5265,20660.96,227.188,86.80932,,2032.532,0.57346,0.26863,0.26049,25.27295,,
Z9990142,01-12-2023 10:45,01-12-2023 10:45,01-12-2023 09:00,10768.15,360.606,20760.26,227.1546,86.92722,,2032.532,0.57346,0.26863,0.26049,25.27295,,
Z9990143,01-12-2023 10:45,01-12-2023 10:45,01-12-2023 09:00,11436.3,387.5845,22523.36,226.9522,87.99323,,2032.532,0.57346,0.26863,0.26049,25.27295,,
Z9990144,01-12-2023 10:45,01-12-2023 10:45,01-12-2023 10:00,36.78011,6,564,444.4965,52.07625,,2064.407,0.593,0.22322,0.23966,24.25848,,
Z9990145,01-12-2023 10:46,01-12-2023 10:46,01-12-2023 09:00,8083.891,220.0267,6424.267,447.5299,65.32262,,2222.275,0.623,0.28623,0.26696,23.77839,,
Z9990146,01-12-2023 10:46,01-12-2023 10:46,01-12-2023 09:00,3034.137,26.66325,2432.675,447.7642,64.428,,2222.275,0.623,0.28623,0.26696,23.77839,,
Z9990147,01-12-2023 10:45,01-12-2023 10:45,01-12-2023 09:00,6519.161,209.5929,6692.225,455.0242,65.42037,,2224.027,0.62585,0.26662,0.44795,23.77627,,
Z9990148,01-12-2023 10:45,01-12-2023 10:45,01-12-2023 09:00,0,0,0,4.977744,50.68737,,2032.252,0.5732,0.234,0.3223,25.27699,,
Z9990149,01-12-2023 10:45,01-12-2023 10:45,01-12-2023 09:00,11645.58,394.2705,22750.82,925.108,72.22248,,2075.438,0.59987,0.22625,0.23649,25.42202,,
Z9990150,01-12-2023 10:45,01-12-2023 10:45,01-12-2023 09:00,0,0.000762329,0.05483202,647.0607,50.82769,,2029.06,0.5732,0.24283,0.47603,24.73688,,
Z9990151,01-12-2023 10:45,01-12-2023 10:45,01-12-2023 09:00,19943.13,625.5023,20209.22,924.2417,74.33693,,2070.65,0.59682,0.28672,0.29739,24.78336,,
Z9990152,01-12-2023 10:45,01-12-2023 10:45,01-12-2023 09:00,9189.534,287.3209,9250.808,922.7264,73.84337,,2070.65,0.59682,0.28672,0.29739,24.78336,,
Z9990153,01-12-2023 10:45,01-12-2023 10:45,01-12-2023 09:00,19788.73,583.3755,22062.95,444.5977,79.03972,,2033.829,0.569365,0,0,25.62225,,
Z9990154,01-12-2023 10:45,01-12-2023 10:45,01-12-2023 09:00,19597.33,578.0293,20940.45,442.5279,77.93908,,2033.829,0.569365,0,0,25.62225,,
Z9990155,01-12-2023 10:45,01-12-2023 10:45,01-12-2023 09:00,35335.35,769.6304,25276.9,441.4957,79.68092,,2062.959,0.59243,0.22362,0.22257,24.85642,,
Z9990156,01-12-2023 10:45,01-12-2023 10:45,01-12-2023 10:00,4845.985,253,4267,491.4044,72.67396,,2029.228,0.57225,0.32225,0.27839,24.77929,,
Z9990157,01-12-2023 10:45,01-12-2023 10:45,01-12-2023 09:00,1653.419,62.69598,29063.32,464.5108,66.29958,,2043.679,0.58,0.22846,0.23253,24.74794,,
Z9990158,01-12-2023 10:45,01-12-2023 10:45,01-12-2023 09:00,16658.08,528.878,28265.52,461.4275,85.85923,,2066.264,0.595,0.29226,0.3432,23.79832,,
Z9990159,01-12-2023 10:45,01-12-2023 10:45,01-12-2023 09:00,7438.313,232.4602,7942.732,460.6249,84.85258,,2066.264,0.595,0.29226,0.3432,23.79832,,
Z9990160,01-12-2023 10:45,01-12-2023 10:45,01-12-2023 09:00,43581.65,2346.764,42563.38,454.5241,84.93232,,2022.99,0.57726,0.20593,0.25872,25.48728,,
Z9990161,01-12-2023 10:45,01-12-2023 10:45,01-12-2023 09:00,14533.43,457.4842,24522.84,424.7497,72.44244,,2028.72,0.57322,0.23364,0.23785,25.5724,,
Z9990162,01-12-2023 10:45,01-12-2023 10:45,01-12-2023 09:00,0,0,0,46.1619,50.58562,,2032.7,0.5735,0.2035,0.3556,25.52385,,
Z9990163,01-12-2023 10:45,01-12-2023 10:45,01-12-2023 09:00,19199.35,590.8227,28932.24,809.9746,76.0833,,2032.72,0.5735,0.22479,0.38067,25.09992,,
Z9990164,01-12-2023 10:45,01-12-2023 10:45,01-12-2023 09:00,33348.6,98.43892,23550.7,576.8974,72.93277,,2223,0.707,0.076,0.359,25.52827,,
Z9990165,01-12-2023 10:45,01-12-2023 10:45,01-12-2023 09:00,34774.98,568.8904,27509.75,494.4961,85.97444,,2254.5,0.662,0.077,0.32,25.02236,,
Z9990166,01-12-2023 10:45,01-12-2023 10:45,01-12-2023 09:00,35937.46,584.4242,27860.27,494.6248,86.42843,,2254.5,0.662,0.077,0.32,25.02236,,
Z9990167,01-12-2023 10:45,01-12-2023 10:45,01-12-2023 09:00,4388.609,48.49697,4053.604,444.9426,55.73449,,2099.655,0.625,0.29662,0.25894,26.25762,,
Z9990168,01-12-2023 10:45,01-12-2023 10:45,01-12-2023 09:00,1939.886,55.33992,22.40249,445.6915,55.33992,,2099.655,0.625,0.29662,0.25894,26.25762,,
Z9990169,01-12-2023 10:45,01-12-2023 10:45,01-12-2023 09:00,45713.5,2440.922,43428.28,909.4965,87.65553,,2034.232,0.573625,0.2476522,0.2053247,24.28532,,
Z9990170,01-12-2023 10:45,01-12-2023 10:45,01-12-2023 09:00,45103.43,2425.075,42620.53,909.252,87.62209,,2034.232,0.573625,0.2476522,0.2053247,24.28532,,
Z9990171,01-12-2023 10:45,01-12-2023 10:45,01-12-2023 09:00,37445.15,856.3956,28250.88,494.7755,93.34343,,2034.25,0.5734,0.22758,0.24027,25.45408,,
Z9990172,01-12-2023 10:45,01-12-2023 10:45,01-12-2023 09:00,35884.06,822.2542,26945.28,494.6646,93.43929,,,,,,25.45408,,
Z9990173,01-12-2023 10:45,01-12-2023 10:45,0,0,0,9.025206,0,60,,,,,,25.96984,,
Z9990174,01-12-2023 10:45,01-12-2023 10:45,0,0,0,0,0,0,,,,,,25.96984,,
Z9990175,01-12-2023 10:45,01-12-2023 10:45,01-12-2023 09:00,16469.09,522.4653,27752.46,829.1106,82.26807,,2024.24,0.578,0.29466,0.22852,25.29287,,
Z9990176,01-12-2023 10:45,01-12-2023 10:45,01-12-2023 10:00,11567.49,374.542,22232.29,456.7955,78.8258,,2029.95,0.57342,0.24,0.28097,26.83258,,
Z9990177,01-12-2023 10:45,01-12-2023 10:45,01-12-2023 09:00,38979.41,2228.843,30609.89,897.9047,98.20988,,2064.655,0.595,0.27642,0.46977,24.55979,,
Z9990178,01-12-2023 10:45,01-12-2023 10:45,01-12-2023 09:00,31305.53,977.3202,32352.29,488.4462,76.49864,,2045,0.58376,0.26047,0,26.03283,,
Z9990179,01-12-2023 10:45,01-12-2023 10:45,01-12-2023 09:00,33465.84,2028.882,32707.72,487.5001,75.55036,,2045,0.58376,0.26047,0,26.03283,,
Z9990180,01-12-2023 10:45,01-12-2023 10:45,01-12-2023 09:00,3384.891,72.32002,2323.95,466.1714,68.33776,,2053.628,0.585,0.28922,0.24096,23.75283,,
Z9990181,01-12-2023 10:45,01-12-2023 10:45,01-12-2023 09:00,3764.918,87.02609,3375.994,444.0486,70.60588,,2202.492,0.627,0.28722,0.24582,23.75404,,
Z9990182,01-12-2023 10:45,01-12-2023 10:45,01-12-2023 09:00,3385.556,203.6442,32252.32,472.0606,76.43282,,2236.2,0.702,0.202,0.348,25.25706,,
Z9990183,01-12-2023 10:45,01-12-2023 10:45,01-12-2023 09:00,19300.18,606.239,29236.86,481.626,75.76439,,2074.306,0.598786,0.22562,0.22992,25.00472,,
Z9990184,01-12-2023 10:45,01-12-2023 10:45,01-12-2023 09:00,33578.34,999.6853,35248.28,479.7149,98.4923,,2033.64,0.5748,0.22697,0.40723,24.57528,,
Z9990185,01-12-2023 10:45,01-12-2023 10:45,01-12-2023 09:00,33733.37,2007.776,35448.28,480.6797,97.66484,,2033.64,0.5748,,0.40723,24.57528,,
Z9990186,01-12-2023 10:45,01-12-2023 10:45,01-12-2023 09:00,139588.7,4094.289,232084.2,865.6146,87.74802,,2032.78,0.5732,0.23956,0.26246,26.03847,,
Z9990187,01-12-2023 10:45,01-12-2023 10:45,01-12-2023 09:00,78434.73,2426.797,72267.55,1096.826,83.72322,,2047.678,0.593334,0.29268,0.27566,25.22265,,
Z9990188,01-12-2023 10:45,01-12-2023 10:45,01-12-2023 09:00,77956.33,2402.385,70662.23,1099.57,83.35367,,2047.678,0.593334,0.29268,0.27566,25.22265,,
Z9990189,01-12-2023 10:45,01-12-2023 10:45,01-12-2023 09:00,75375.93,2328.239,68274.64,1099.271,83.39424,,2047.678,0.593334,0.29268,0.27566,25.22265,,
99144,,01-12-2023 07:00,,168.841968,,2282.942982,202.494641,45.72702,2.226499,,,,,22.252226,,
1999020,,01-12-2023 08:00,,5714.169073,,3926.938492,442.41095,50.70282,20.483072,,,,,22.933272,,
Z9990190,,01-12-2023 07:00,,11104.00855,,22087.38599,222.469177,67.350372,25.478394,,,,,22.933272,,
Z9990191,,01-12-2023 07:00,,11367.66969,,22247.96243,221.994264,67.280548,25.802232,,,,,23.063348,,
Z9990192,,,,0,0,0,1051.977,47.5323,,,,,,23.42864,,
Z9990193,,,,0,0,0,1052.674,52.89336,,,,,,23.42864,,
